x_nodes,h_total,u,T_total,T,p_total,p,dp_total,rho_total,rho,c,eta,Lambda,v,Re,Ma
-0.05610093688463817,1127853.7572210098,716571.7854762209,94.777,94.77179677915142,10362930.0,10361443.96760084,0.04462761643167584,25.19847067170417,25.196934326862692,952.9013037329861,5.13537714070358e-06,0.010181396451385544,10.522835011832255,4130457.0310755777,0.011042943241455438
-0.0558495728726836,1127853.7572210098,716571.7859663232,94.777,94.77179677910415,10362929.955372384,10361443.922967233,0.0446276165917186,25.198470578311746,25.19693423346134,952.9013027351389,5.135377133887044e-06,0.01018139645015694,10.522835050838864,4130457.036558214,0.011042943293953824
-0.055598208860729026,1127853.7572210098,716571.786456426,94.777,94.77179677905696,10362929.910744768,10361443.878333645,0.04462761675176139,25.1984704849193,25.196934140059984,952.9013017372929,5.135377127070512e-06,0.01018139644892834,10.522835089845477,4130457.042040848,0.011042943346452198
-0.05534684484877446,1127853.7572210098,716571.7869465289,94.777,94.77179677900976,10362929.866117151,10361443.833700053,0.04462761691180416,25.198470391526875,25.196934046658644,952.9013007394466,5.135377120253978e-06,0.010181396447699737,10.522835128852085,4130457.0475234836,0.011042943398950572
-0.05509548083681989,1127853.7572210098,716571.7874366313,94.777,94.77179677896255,10362929.821489535,10361443.789066456,0.044627617071846974,25.19847029813443,25.196933953257286,952.9012997415994,5.135377113437444e-06,0.01018139644647114,10.5228351678587,4130457.053006119,0.011042943451448963
-0.05484411682486532,1127853.7572210098,716571.7879267342,94.777,94.77179677891536,10362929.77686192,10361443.744432874,0.04462761723188972,25.198470204742012,25.196933859855953,952.9012987437535,5.135377106620911e-06,0.010181396445242538,10.522835206865302,4130457.0584887536,0.011042943503947326
-0.05459275281291075,1127853.7572210098,716571.7884168368,94.777,94.77179677886816,10362929.732234301,10361443.69979929,0.044627617391932516,25.198470111349568,25.1969337664546,952.901297745907,5.135377099804378e-06,0.010181396444013936,10.522835245871917,4130457.063971388,0.011042943556445708
-0.05434138880095618,1127853.7572210098,716571.7889069397,94.777,94.77179677882097,10362929.687606683,10361443.655165702,0.04462761755197529,25.19847001795714,25.19693367305326,952.9012967480602,5.135377092987846e-06,0.010181396442785338,10.522835284878525,4130457.0694540227,0.011042943608944087
-0.054090024789001614,1127853.7572210098,716571.7893970421,94.777,94.77179677877375,10362929.642979065,10361443.6105321,0.04462761771201812,25.198469924564684,25.196933579651887,952.9012957502142,5.135377086171311e-06,0.010181396441556736,10.522835323885147,4130457.074936659,0.011042943661442473
-0.05383866077704704,1127853.7572210098,716571.7898871449,94.777,94.77179677872655,10362929.598351447,10361443.565898506,0.044627617872060925,25.19846983117224,25.19693348625053,952.9012947523681,5.1353770793547784e-06,0.010181396440328136,10.522835362891763,4130457.080419294,0.011042943713940852
-0.05358729676509247,1127853.7572210098,716571.7903772478,94.777,94.77179677867935,10362929.553723829,10361443.521264913,0.0446276180321037,25.198469737779803,25.19693339284918,952.901293754521,5.135377072538243e-06,0.010181396439099532,10.522835401898377,4130457.08590193,0.011042943766439241
-0.0533359327531379,1127853.7572210098,716571.7908673505,94.777,94.77179677863215,10362929.50909621,10361443.47663133,0.04462761819214651,25.19846964438737,25.19693329944783,952.9012927566748,5.135377065721711e-06,0.010181396437870934,10.522835440904988,4130457.0913845636,0.011042943818937619
-0.053084568741183336,1127853.7572210098,716571.7913574532,94.777,94.77179677858496,10362929.464468593,10361443.431997739,0.0446276183521893,25.19846955099493,25.19693320604648,952.9012917588283,5.135377058905178e-06,0.010181396436642332,10.522835479911603,4130457.0968671995,0.011042943871436003
-0.05283320472922876,1127853.7572210098,716571.7918475561,94.777,94.77179677853776,10362929.419840975,10361443.387364142,0.04462761851223209,25.19846945760249,25.19693311264513,952.9012907609815,5.135377052088645e-06,0.010181396435413732,10.522835518918216,4130457.1023498336,0.011042943923934387
-0.05258184071727419,1127853.7572210098,716571.7923376585,94.777,94.77179677849055,10362929.375213357,10361443.342730552,0.04462761867227491,25.19846936421004,25.196933019243772,952.9012897631355,5.135377045272112e-06,0.010181396434185133,10.522835557924832,4130457.107832468,0.011042943976432767
-0.05233047670531962,1127853.7572210098,716571.7928277613,94.777,94.77179677844336,10362929.330585739,10361443.298096953,0.044627618832317736,25.198469270817586,25.196932925842404,952.9012887652887,5.135377038455577e-06,0.01018139643295653,10.522835596931456,4130457.1133151054,0.011042944028931165
-0.05207911269336506,1127853.7572210098,716571.7933178642,94.777,94.77179677839617,10362929.28595812,10361443.253463369,0.04462761899236053,25.19846917742515,25.196932832441053,952.9012877674426,5.135377031639044e-06,0.010181396431727928,10.52283563593807,4130457.1187977395,0.011042944081429544
-0.05182774868141048,1127853.7572210098,716571.7938079669,94.777,94.77179677834896,10362929.2413305,10361443.20882977,0.04462761915240335,25.19846908403271,25.1969327390397,952.9012867695958,5.135377024822509e-06,0.010181396430499328,10.522835674944687,4130457.124280376,0.011042944133927934
-0.05157638466945591,1127853.7572210098,716571.7942980697,94.777,94.77179677830176,10362929.19670288,10361443.164196173,0.044627619312446166,25.19846899064026,25.196932645638338,952.9012857717491,5.135377018005976e-06,0.010181396429270729,10.522835713951308,4130457.129763011,0.011042944186426325
-0.051325020657501344,1127853.7572210098,716571.7947881722,94.777,94.77179677825454,10362929.15207526,10361443.11956258,0.04462761947248899,25.198468897247817,25.19693255223698,952.9012847739031,5.135377011189442e-06,0.010181396428042127,10.522835752957928,4130457.1352456477,0.01104294423892471
-0.05107365664554678,1127853.7572210098,716571.7952782752,94.777,94.77179677820735,10362929.107447641,10361443.074928993,0.04462761963253181,25.19846880385537,25.196932458835622,952.9012837760571,5.13537700437291e-06,0.010181396426813526,10.522835791964546,4130457.140728282,0.011042944291423093
-0.050822292633592205,1127853.7572210098,716571.795768378,94.777,94.77179677816015,10362929.062820021,10361443.030295402,0.04462761979257459,25.198468710462937,25.196932365434275,952.9012827782099,5.135376997556377e-06,0.010181396425584924,10.52283583097116,4130457.146210916,0.011042944343921484
-0.05057092862163763,1127853.7572210098,716571.7962584809,94.777,94.77179677811296,10362929.018192401,10361442.985661801,0.04462761995261747,25.19846861707047,25.196932272032896,952.9012817803632,5.1353769907398415e-06,0.010181396424356325,10.52283586997779,4130457.1516935537,0.011042944396419887
-0.050319564609683065,1127853.7572210098,716571.7967485833,94.777,94.77179677806575,10362928.973564781,10361442.941028211,0.04462762011266028,25.198468523678034,25.196932178631545,952.901280782517,5.135376983923308e-06,0.010181396423127723,10.522835908984407,4130457.1571761887,0.011042944448918271
-0.0500682005977285,1127853.7572210098,716571.7972386862,94.777,94.77179677801855,10362928.928937161,10361442.896394609,0.0446276202727031,25.198468430285587,25.196932085230184,952.90127978467,5.135376977106774e-06,0.010181396421899122,10.522835947991029,4130457.1626588246,0.01104294450141667
-0.049816836585773926,1127853.7572210098,716571.7977287888,94.777,94.77179677797136,10362928.884309541,10361442.85176103,0.04462762043274591,25.198468336893153,25.196931991828844,952.901278786824,5.1353769702902436e-06,0.010181396420670525,10.522835986997642,4130457.1681414577,0.011042944553915046
-0.04956547257381935,1127853.7572210098,716571.7982188918,94.777,94.77179677792417,10362928.839681922,10361442.807127427,0.044627620592788755,25.19846824350069,25.19693189842747,952.9012777889774,5.135376963473709e-06,0.010181396419441923,10.522836026004269,4130457.1736240936,0.011042944606413446
-0.049314108561864786,1127853.7572210098,716571.7987089946,94.777,94.77179677787696,10362928.795054302,10361442.76249383,0.044627620752831595,25.198468150108233,25.196931805026097,952.9012767911308,5.135376956657174e-06,0.01018139641821332,10.522836065010896,4130457.17910673,0.011042944658911846
-0.04906274454991021,1127853.7572210098,716571.7991990976,94.777,94.77179677782976,10362928.750426682,10361442.717860242,0.044627620912874394,25.198468056715793,25.196931711624746,952.9012757932845,5.13537694984064e-06,0.010181396416984718,10.522836104017514,4130457.184589366,0.011042944711410232
-0.04881138053795565,1127853.7572210098,716571.7996892004,94.777,94.77179677778257,10362928.70579906,10361442.67322664,0.04462762107291727,25.19846796332333,25.19693161822337,952.9012747954378,5.135376943024106e-06,0.010181396415756116,10.522836143024145,4130457.190072003,0.011042944763908638
-0.048560016526001074,1127853.7572210098,716571.8001793028,94.777,94.77179677773536,10362928.661171438,10361442.62859305,0.04462762123296011,25.198467869930887,25.196931524822013,952.9012737975916,5.135376936207572e-06,0.010181396414527519,10.522836182030765,4130457.1955546374,0.011042944816407026
-0.04830865251404651,1127853.7572210098,716571.8006694055,94.777,94.77179677768815,10362928.616543816,10361442.583959453,0.044627621393002935,25.198467776538443,25.196931431420655,952.9012727997446,5.135376929391039e-06,0.010181396413298918,10.522836221037387,4130457.2010372723,0.011042944868905424
-0.048057288502091934,1127853.7572210098,716571.8011595085,94.777,94.77179677764094,10362928.571916195,10361442.539325854,0.04462762155304578,25.19846768314599,25.196931338019287,952.9012718018981,5.135376922574504e-06,0.010181396412070314,10.522836260044016,4130457.20651991,0.011042944921403824
-0.04780592449013737,1127853.7572210098,716571.8016496112,94.777,94.77179677759375,10362928.527288573,10361442.494692262,0.0446276217130886,25.19846758975354,25.19693124461793,952.9012708040517,5.13537691575797e-06,0.010181396410841712,10.522836299050638,4130457.212002546,0.011042944973902217
-0.047554560478182795,1127853.7572210098,716571.8021397139,94.777,94.77179677754656,10362928.482660951,10361442.450058669,0.04462762187313146,25.198467496361086,25.19693115121656,952.901269806205,5.135376908941437e-06,0.010181396409613115,10.522836338057266,4130457.2174851806,0.011042945026400618
-0.04730319646622823,1127853.7572210098,716571.8026298168,94.777,94.77179677749936,10362928.43803333,10361442.405425087,0.04462762203317432,25.198467402968635,25.196931057815195,952.9012688083592,5.135376902124905e-06,0.010181396408384514,10.522836377063893,4130457.222967816,0.01104294507889901
-0.047051832454273655,1127853.7572210098,716571.8031199195,94.777,94.77179677745215,10362928.393405708,10361442.36079148,0.04462762219321717,25.19846730957618,25.196930964413827,952.9012678105125,5.1353768953083705e-06,0.010181396407155912,10.52283641607052,4130457.228450451,0.01104294513139741
-0.04680046844231909,1127853.7572210098,716571.8036100226,94.777,94.77179677740496,10362928.348778086,10361442.316157881,0.04462762235326002,25.198467216183722,25.196930871012462,952.9012668126659,5.1353768884918365e-06,0.01018139640592731,10.522836455077147,4130457.233933088,0.011042945183895812
-0.046549104430364516,1127853.7572210098,716571.8041001254,94.777,94.77179677735776,10362928.304150464,10361442.271524286,0.04462762251330289,25.198467122791264,25.19693077761109,952.9012658148192,5.1353768816753016e-06,0.01018139640469871,10.522836494083778,4130457.2394157248,0.011042945236394217
-0.04629774041840995,1127853.7572210098,716571.8045902281,94.777,94.77179677731056,10362928.259522842,10361442.226890685,0.044627622673345746,25.198467029398806,25.19693068420972,952.9012648169728,5.1353768748587675e-06,0.01018139640347011,10.522836533090407,4130457.24489836,0.011042945288892618
-0.046046376406455376,1127853.7572210098,716571.8050803308,94.777,94.77179677726336,10362928.21489522,10361442.1822571,0.04462762283338858,25.198466936006366,25.196930590808364,952.9012638191266,5.135376868042234e-06,0.010181396402241508,10.522836572097031,4130457.250380995,0.011042945341391011
-0.04579501239450081,1127853.7572210098,716571.8055704337,94.777,94.77179677721617,10362928.170267597,10361442.1376235,0.04462762299343146,25.198466842613897,25.196930497406985,952.9012628212798,5.1353768612257e-06,0.010181396401012907,10.522836611103665,4130457.2558636316,0.011042945393889421
-0.04554364838254624,1127853.7572210098,716571.8060605366,94.777,94.77179677716894,10362928.125639973,10361442.092989892,0.04462762315347435,25.198466749221435,25.196930404005602,952.9012618234331,5.1353768544091644e-06,0.010181396399784307,10.522836650110301,4130457.26134627,0.011042945446387835
-0.04529228437059167,1127853.7572210098,716571.8065506393,94.777,94.77179677712175,10362928.08101235,10361442.048356298,0.04462762331351719,25.198466655828987,25.196930310604248,952.9012608255863,5.135376847592632e-06,0.010181396398555706,10.522836689116925,4130457.266828904,0.011042945498886235
-0.0450409203586371,1127853.7572210098,716571.8070407421,94.777,94.77179677707456,10362928.036384726,10361442.003722705,0.04462762347356005,25.19846656243653,25.196930217202876,952.9012598277398,5.135376840776098e-06,0.010181396397327104,10.522836728123558,4130457.272311541,0.01104294555138464
-0.04478955634668253,1127853.7572210098,716571.8075308452,94.777,94.77179677702735,10362927.991757102,10361441.959089106,0.044627623633602904,25.198466469044078,25.19693012380151,952.9012588298935,5.135376833959565e-06,0.010181396396098503,10.522836767130185,4130457.2777941753,0.011042945603883038
-0.04453819233472796,1127853.7572210098,716571.8080209479,94.777,94.77179677698015,10362927.947129479,10361441.914455509,0.04462762379364581,25.198466375651613,25.196930030400132,952.9012578320466,5.13537682714303e-06,0.010181396394869905,10.522836806136823,4130457.283276813,0.011042945656381455
-0.04428682832277339,1127853.7572210098,716571.8085110509,94.777,94.77179677693296,10362927.902501855,10361441.8698219,0.04462762395368867,25.198466282259147,25.196929936998757,952.9012568341998,5.135376820326494e-06,0.010181396393641302,10.522836845143456,4130457.28875945,0.011042945708879863
-0.04403546431081882,1127853.7572210098,716571.8090011537,94.777,94.77179677688576,10362927.857874231,10361441.825188315,0.04462762411373156,25.198466188866696,25.196929843597392,952.9012558363538,5.135376813509962e-06,0.0101813963924127,10.522836884150088,4130457.2942420854,0.011042945761378264
-0.04378410029886425,1127853.7572210098,716571.8094912565,94.777,94.77179677683856,10362927.813246608,10361441.780554717,0.044627624273774424,25.19846609547423,25.19692975019602,952.9012548385073,5.135376806693428e-06,0.0101813963911841,10.52283692315672,4130457.2997247213,0.011042945813876671
-0.04353273628690968,1127853.7572210098,716571.8099813592,94.777,94.77179677679136,10362927.768618984,10361441.73592112,0.04462762443381727,25.198466002081783,25.19692965679466,952.9012538406605,5.1353767998768945e-06,0.010181396389955497,10.52283696216335,4130457.3052073573,0.011042945866375076
-0.04328137227495511,1127853.7572210098,716571.8104714622,94.777,94.77179677674417,10362927.72399136,10361441.691287523,0.04462762459386016,25.19846590868932,25.196929563393283,952.9012528428141,5.135376793060362e-06,0.010181396388726898,10.522837001169984,4130457.3106899913,0.011042945918873484
-0.04303000826300054,1127853.7572210098,716571.810961565,94.777,94.77179677669696,10362927.679363735,10361441.646653926,0.044627624753903083,25.19846581529685,25.196929469991897,952.9012518449678,5.135376786243826e-06,0.010181396387498298,10.522837040176626,4130457.3161726296,0.011042945971371898
-0.04277864425104597,1127853.7572210098,716571.8114516677,94.777,94.77179677664975,10362927.63473611,10361441.602020321,0.044627624913945965,25.198465721904384,25.196929376590514,952.9012508471209,5.135376779427291e-06,0.010181396386269696,10.522837079183263,4130457.321655266,0.011042946023870315
-0.0425272802390914,1127853.7572210098,716571.8119417706,94.777,94.77179677660254,10362927.590108484,10361441.557386713,0.044627625073988854,25.198465628511915,25.19692928318913,952.9012498492741,5.135376772610756e-06,0.010181396385041093,10.522837118189903,4130457.3271379033,0.011042946076368732
-0.042275916227136834,1127853.7572210098,716571.8124318735,94.777,94.77179677655535,10362927.545480859,10361441.512753127,0.04462762523403172,25.198465535119468,25.196929189787777,952.9012488514276,5.135376765794224e-06,0.010181396383812494,10.52283715719653,4130457.332620538,0.011042946128867135
-0.04202455221518226,1127853.7572210098,716571.8129219763,94.777,94.77179677650815,10362927.500853233,10361441.468119523,0.044627625394074645,25.198465441727,25.196929096386395,952.9012478535811,5.135376758977688e-06,0.010181396382583894,10.522837196203172,4130457.338103176,0.01104294618136555
-0.041773188203227694,1127853.7572210098,716571.8134120794,94.777,94.77179677646096,10362927.456225608,10361441.423485931,0.04462762555411751,25.198465348334537,25.19692900298502,952.9012468557348,5.135376752161155e-06,0.010181396381355292,10.522837235209808,4130457.343585811,0.011042946233863959
-0.04152182419127312,1127853.7572210098,716571.8139021822,94.777,94.77179677641375,10362927.411597982,10361441.37885232,0.04462762571416042,25.19846525494206,25.19692890958363,952.9012458578881,5.135376745344619e-06,0.01018139638012669,10.522837274216451,4130457.349068449,0.011042946286362381
-0.041270460179318555,1127853.7572210098,716571.8143922852,94.777,94.77179677636656,10362927.366970357,10361441.33421872,0.044627625874203325,25.198465161549592,25.196928816182247,952.9012448600413,5.135376738528085e-06,0.010181396378898089,10.522837313223091,4130457.3545510853,0.011042946338860798
-0.04101909616736398,1127853.7572210098,716571.8148823881,94.777,94.77179677631936,10362927.322342731,10361441.289585128,0.044627626034246234,25.19846506815714,25.196928722780882,952.9012438621951,5.135376731711551e-06,0.01018139637766949,10.522837352229727,4130457.360033722,0.011042946391359207
-0.040767732155409415,1127853.7572210098,716571.8153724908,94.777,94.77179677627217,10362927.277715106,10361441.244951535,0.044627626194289116,25.198464974764676,25.19692862937951,952.9012428643485,5.135376724895019e-06,0.010181396376440888,10.522837391236363,4130457.365516357,0.011042946443857619
-0.04051636814345484,1127853.7572210098,716571.8158625936,94.777,94.77179677622496,10362927.23308748,10361441.200317929,0.044627626354332026,25.198464881372207,25.196928535978127,952.9012418665017,5.135376718078481e-06,0.010181396375212287,10.522837430243005,4130457.3709989972,0.011042946496356041
-0.040265004131500276,1127853.7572210098,716571.8163526967,94.777,94.77179677617777,10362927.188459855,10361441.155684326,0.04462762651437495,25.198464787979727,25.196928442576738,952.9012408686551,5.135376711261947e-06,0.010181396373983685,10.52283746924965,4130457.3764816327,0.011042946548854462
-0.0400136401195457,1127853.7572210098,716571.8168427995,94.777,94.77179677613057,10362927.143832227,10361441.111050723,0.04462762667441785,25.19846469458726,25.196928349175355,952.9012398708086,5.135376704445414e-06,0.010181396372755088,10.52283750825629,4130457.381964267,0.011042946601352879
-0.03976227610759114,1127853.7572210098,716571.8173329023,94.777,94.77179677608335,10362927.0992046,10361441.066417126,0.04462762683446076,25.198464601194797,25.196928255773972,952.901238872962,5.135376697628878e-06,0.010181396371526484,10.522837547262933,4130457.3874469055,0.011042946653851297
-0.03951091209563656,1127853.7572210098,716571.8178230053,94.777,94.77179677603615,10362927.054576972,10361441.021783525,0.04462762699450368,25.198464507802335,25.1969281623726,952.9012378751153,5.1353766908123435e-06,0.010181396370297883,10.522837586269572,4130457.392929543,0.011042946706349716
-0.039259548083682,1127853.7572210098,716571.8183131082,94.777,94.77179677598895,10362927.009949345,10361440.977149926,0.04462762715454658,25.198464414409855,25.19692806897121,952.9012368772684,5.135376683995812e-06,0.010181396369069281,10.522837625276217,4130457.3984121773,0.011042946758848144
-0.039008184071727424,1127853.7572210098,716571.8188032112,94.777,94.77179677594175,10362926.965321718,10361440.93251632,0.044627627314589524,25.198464321017383,25.196927975569825,952.9012358794221,5.1353766771792745e-06,0.01018139636784068,10.522837664282864,4130457.403894817,0.011042946811346564
-0.03875682005977286,1127853.7572210098,716571.8192933141,94.777,94.77179677589456,10362926.92069409,10361440.887882723,0.04462762747463244,25.198464227624914,25.196927882168445,952.9012348815754,5.1353766703627404e-06,0.010181396366612082,10.522837703289506,4130457.409377454,0.011042946863844985
-0.038505456047818284,1127853.7572210098,716571.8197834169,94.777,94.77179677584736,10362926.876066463,10361440.84324912,0.04462762763467535,25.198464134232445,25.196927788767063,952.9012338837288,5.135376663546206e-06,0.01018139636538348,10.522837742296149,4130457.4148600893,0.011042946916343405
-0.03825409203586372,1127853.7572210098,716571.8202735194,94.777,94.77179677580015,10362926.831438836,10361440.798615526,0.04462762779471825,25.198464040839983,25.196927695365687,952.9012328858828,5.135376656729673e-06,0.010181396364154877,10.52283778130279,4130457.4203427252,0.011042946968841817
-0.038002728023909145,1127853.7572210098,716571.8207636226,94.777,94.77179677575296,10362926.786811208,10361440.753981918,0.04462762795476121,25.1984639474475,25.19692760196429,952.9012318880358,5.135376649913138e-06,0.010181396362926276,10.52283782030944,4130457.4258253626,0.011042947021340252
-0.03775136401195458,1127853.7572210098,716571.8212537257,94.777,94.77179677570577,10362926.742183581,10361440.709348314,0.04462762811480413,25.19846385405503,25.196927508562915,952.9012308901889,5.135376643096603e-06,0.01018139636169768,10.522837859316082,4130457.431308,0.011042947073838674
-0.037500000000000006,1127853.7572210098,716571.8217438287,94.777,94.77179677565856,10362926.697555954,10361440.664714715,0.04462762827484706,25.19846376066256,25.19692741516153,952.9012298923426,5.135376636280069e-06,0.010181396360469077,10.522837898322729,4130457.4367906363,0.011042947126337096
-0.037250000000000005,1127853.7572210098,716290.4024963295,94.777,94.66490862592002,10333144.47386004,10301286.590638641,75.8706420353146,25.136099108339025,25.103107810105126,951.3336930287982,5.125437380215676e-06,0.03049425828318238,48.7719048231563,716617.7015092279,0.051266874263518704
-0.037000000000000005,1127853.7572210098,716291.226998608,94.777,94.66490688686295,10333068.603218004,10301210.50045041,75.87112274473931,25.13594013329709,25.102948507449106,951.3319888029448,5.125425737849525e-06,0.030494257976238986,48.772214328391314,716619.3293009661,0.05126729144235031
-0.036750000000000005,1127853.7572210098,716292.0515092219,94.777,94.66490514775734,10332992.73209526,10301134.40977701,75.87160346486667,25.135781156738755,25.102789203269438,951.3302845699412,5.125414095427513e-06,0.03049425766929412,48.77252384051489,716620.9571079098,0.0512677086303029
-0.036500000000000005,1127853.7572210098,716292.8760281701,94.777,94.66490340860301,10332916.860491795,10301058.318618365,75.8720841956972,25.135622178664,25.102629897566043,951.3285803297839,5.125402452949636e-06,0.030494257362347777,48.77283335952738,716622.5849300595,0.051268125827377095
-0.036250000000000004,1127853.7572210098,716293.7005554531,94.777,94.66490166939998,10332840.9884076,10300982.226974484,75.87256493723125,25.13546319907278,25.102470590338893,951.3268760824749,5.125390810415894e-06,0.03049425705539994,48.773142885429024,716624.2127674157,0.051268543033573095
-0.036000000000000004,1127853.7572210098,716294.5250910709,94.777,94.66489993014825,10332765.115842663,10300906.134845344,75.87304568946917,25.13530421796508,25.102311281587962,951.3251718280125,5.1253791678262845e-06,0.030494256748450625,48.77345241822004,716625.8406199783,0.051268960248891285
-0.035750000000000004,1127853.7572210098,716295.3496350236,94.777,94.66489819084782,10332689.242796972,10300830.042230943,75.87352645241144,25.135145235340836,25.1021519713132,951.3234675663974,5.125367525180807e-06,0.030494256441499827,48.77376195790073,716627.4684877482,0.05126937747333199
-0.035500000000000004,1127853.7572210098,716296.1741873118,94.777,94.66489645149868,10332613.36927052,10300753.94913126,75.87400722605841,25.13498625120004,25.10199265951459,951.3217632976286,5.1253558824794545e-06,0.030494256134547554,48.77407150447131,716629.0963707259,0.051269794706895556
-0.035250000000000004,1127853.7572210098,716296.9987479354,94.777,94.66489471210085,10332537.495263293,10300677.855546294,75.87448801041045,25.134827265542654,25.101833346192095,951.3200590217075,5.125344239722236e-06,0.030494255827593797,48.77438105793204,716630.7242689108,0.05127021194958225
-0.035,1127853.7572210098,716297.8233168942,94.777,94.66489297265427,10332461.620775282,10300601.761476012,75.87496880546803,25.134668278368643,25.10167403134567,951.3183547386321,5.125332596909145e-06,0.03049425552063856,48.774690618283195,716632.3521823038,0.05127062920139251
-0.03475,1127853.7572210098,716298.6478941885,94.777,94.66489123315898,10332385.745806476,10300525.666920459,75.87544961123136,25.134509289678004,25.101514714975323,951.3166504484053,5.125320954040189e-06,0.030494255213681844,48.775000185524945,716633.980110904,0.051271046462326435
-0.0345,1127853.7572210098,716299.472479819,94.777,94.664889493615,10332309.870356865,10300449.571879564,75.87593042770098,25.13435029947067,25.10135539708099,951.3149461510242,5.125309311115351e-06,0.030494254906723632,48.77530975965761,716635.6080547138,0.051271463732384566
-0.03425,1127853.7572210098,716300.2970737854,94.777,94.66488775402227,10332233.994426437,10300373.476353329,75.87641125487728,25.134191307746615,25.10119607766263,951.313241846489,5.125297668134644e-06,0.030494254599763956,48.775619340681445,716637.2360137319,0.05127188101156721
-0.034,1127853.7572210098,716301.121676088,94.777,94.66488601438083,10332158.118015181,10300297.38034176,75.87689209276054,25.134032314505824,25.10103675672024,951.3115375348003,5.1252860250980605e-06,0.03049425429280279,48.77592892859665,716638.863987959,0.05127229829987461
-0.03375,1127853.7572210098,716301.9462867273,94.777,94.66488427469069,10332082.241123088,10300221.28384485,75.8773729413512,25.133873319748258,25.100877434253785,951.3098332159583,5.125274382005605e-06,0.030494253985840138,48.776238523403485,716640.4919773951,0.0512727155973071
-0.0335,1127853.7572210098,716302.7709057026,94.777,94.6648825349518,10332006.363750147,10300145.186862567,75.8778538006497,25.133714323473868,25.100718110263198,951.3081288899624,5.125262738857269e-06,0.030494253678876006,48.77654812510225,716642.1199820412,0.05127313290386508
-0.03325,1127853.7572210098,716303.5955330146,94.777,94.6648807951642,10331930.485896345,10300069.08939491,75.87833467065636,25.13355532568265,25.100558784748493,951.3064245568123,5.125251095653059e-06,0.0304942533719104,48.776857733693134,716643.7480018968,0.051273550219548804
-0.033,1127853.7572210098,716304.4201686638,94.777,94.66487905532786,10331854.607561674,10299992.991441881,75.87881555137159,25.13339632637455,25.100399457709607,951.3047202165088,5.12523945239297e-06,0.030494253064943307,48.777167349176416,716645.3760369624,0.051273967544358603
-0.03275,1127853.7572210098,716305.24481265,94.777,94.66487731544281,10331778.728746122,10299916.893003445,75.87929644279579,25.13323732554955,25.10024012914652,951.3030158690506,5.125227809077003e-06,0.030494252757974724,48.77747697155235,716647.0040872386,0.051274384878294874
-0.0325,1127853.7572210098,716306.0694649732,94.777,94.664875575509,10331702.84944968,10299840.79407961,75.87977734492931,25.133078323207634,25.100080799059214,951.3013115144382,5.1252161657051555e-06,0.030494252451004678,48.777786600821145,716648.6321527255,0.05127480222135784
-0.03225,1127853.7572210098,716306.8941256342,94.777,94.66487383552646,10331626.969672333,10299764.694670346,75.8802582577726,25.13291931934873,25.099921467447622,951.299607152671,5.1252045222774285e-06,0.030494252144033136,48.77809623698312,716650.2602334231,0.051275219573547956
-0.032,1127853.7572210098,716307.7187946326,94.777,94.6648720954952,10331551.089414075,10299688.594775666,75.88073918132599,25.13276031397283,25.099762134311742,951.2979027837501,5.125192878793819e-06,0.030494251837060116,48.77840588003846,716651.888329332,0.05127563693486541
-0.03175,1127853.7572210098,716308.5434719685,94.777,94.66487035541519,10331475.208674893,10299612.494395534,75.8812201155899,25.1326013070799,25.099602799651525,951.2961984076741,5.125181235254328e-06,0.03049425153008561,48.77871552998746,716653.5164404524,0.05127605430531064
-0.0315,1127853.7572210098,716309.3681576427,94.777,94.66486861528644,10331399.327454777,10299536.393529965,75.88170106056471,25.132442298669904,25.09944346346695,951.2944940244439,5.125169591658954e-06,0.030494251223109628,48.77902518683034,716655.1445667845,0.05127647168488388
-0.03125,1127853.7572210098,716310.1928516547,94.777,94.66486687510896,10331323.445753718,10299460.292178927,75.88218201625088,25.132283288742812,25.09928412575797,951.2927896340585,5.125157948007694e-06,0.030494250916132167,48.779334850567395,716656.7727083291,0.051276889073585574
-0.031,1127853.7572210098,716311.0175540047,94.777,94.66486513488272,10331247.5635717,10299384.190342423,75.88266298264863,25.132124277298605,25.099124786524577,951.2910852365187,5.125146304300551e-06,0.030494250609153208,48.779644521198804,716658.4008650857,0.05127730647141591
-0.03075,1127853.7572210098,716311.8422646936,94.777,94.66486339460772,10331171.68090872,10299308.08802043,75.88314395975846,25.131965264337246,25.09896544576673,951.289380831823,5.125134660537521e-06,0.03049425030217279,48.779954198724845,716660.0290370547,0.05127772387837532
-0.030500000000000003,1127853.7572210098,716312.6669837208,94.777,94.66486165428401,10331095.79776476,10299231.985212954,75.88362494758073,25.131806249858684,25.09880610348439,951.2876764199731,5.125123016718605e-06,0.03049424999519087,48.780263883145786,716661.657224237,0.05127814129446406
-0.030250000000000003,1127853.7572210098,716313.4917110868,94.777,94.66485991391151,10331019.914139813,10299155.881919967,75.88410594611588,25.13164723386291,25.098646759677525,951.2859720009675,5.125111372843804e-06,0.03049424968820748,48.780573574461876,716663.2854266319,0.051278558719682524
-0.030000000000000002,1127853.7572210098,716314.3164467923,94.777,94.66485817349029,10330944.030033866,10299079.778141465,75.88458695536424,25.131488216349886,25.09848741434611,951.2842675748061,5.125099728913109e-06,0.030494249381222603,48.78088327267335,716664.913644241,0.05127897615403102
-0.029750000000000002,1127853.7572210098,716315.141190836,94.777,94.66485643302029,10330868.145446911,10299003.67387744,75.88506797532618,25.131329197319566,25.0983280674901,951.282563141491,5.125088084926529e-06,0.030494249074236236,48.78119297778047,716666.5418770631,0.051279393597509784
-0.029500000000000002,1127853.7572210098,716315.9659432195,94.777,94.66485469250154,10330792.260378936,10298927.569127873,75.88554900600218,25.13117017677194,25.09816871910948,951.2808587010187,5.125076440884058e-06,0.030494248767248402,48.78150268978347,716668.1701250996,0.0512798110501193
-0.02925,1127853.7572210098,716316.7907039422,94.777,94.66485295193404,10330716.374829931,10298851.463892767,75.88603004739252,25.131011154706965,25.09800936920421,951.2791542533918,5.125064796785698e-06,0.030494248460259075,48.78181240868262,716669.79838835,0.05128022851185976
-0.029,1127853.7572210098,716317.6154730053,94.777,94.66485121131778,10330640.488799883,10298775.358172093,75.88651109949771,25.130852131124602,25.097850017774253,951.2774497986093,5.125053152631442e-06,0.030494248153268268,48.782122134478165,716671.4266668155,0.05128064598273155
-0.02875,1127853.7572210098,716318.4402504072,94.777,94.66484947065273,10330564.602288784,10298699.251965858,75.88699216231805,25.130693106024843,25.097690664819588,951.27574533667,5.125041508421297e-06,0.03049424784627599,48.78243186717034,716673.0549604953,0.05128106346273503
-0.0285,1127853.7572210098,716319.2650361496,94.777,94.66484772993896,10330488.715296622,10298623.145274045,75.88747323585392,25.13053407940764,25.097531310340187,951.2740408675754,5.125029864155257e-06,0.030494247539282218,48.78274160675939,716674.6832693906,0.051281480951870434
-0.028250000000000004,1127853.7572210098,716320.0898302322,94.777,94.66484598917638,10330412.827823386,10298547.038096623,75.88795432010576,25.130375051272956,25.097371954335994,951.2723363913238,5.125018219833321e-06,0.03049424723228697,48.7830513532456,716676.3115935011,0.051281898450138225
-0.028000000000000004,1127853.7572210098,716320.9146326549,94.777,94.66484424836506,10330336.939869065,10298470.930433614,75.8884354150739,25.13021602162077,25.097212596807005,951.2706319079168,5.125006575455491e-06,0.030494246925290236,48.78336110662917,716677.9399328274,0.05128231595753858
-0.027750000000000004,1127853.7572210098,716321.7394434179,94.777,94.66484250750494,10330261.051433649,10298394.822284985,75.88891652075881,25.130056990451042,25.09705323775316,951.2689274173539,5.124994931021766e-06,0.03049424661829201,48.78367086691043,716679.5682873696,0.05128273347407192
-0.027500000000000004,1127853.7572210098,716322.5642625218,94.777,94.66484076659607,10330185.162517129,10298318.713650737,75.8893976371608,25.129897957763756,25.096893877174455,951.2672229196339,5.1249832865321415e-06,0.030494246311292314,48.78398063408953,716681.1966571282,0.05128315099973854
-0.027250000000000003,1127853.7572210098,716323.3890899668,94.777,94.66483902563843,10330109.27311949,10298242.604530847,75.88987876428033,25.129738923558847,25.096734515070825,951.2655184147583,5.12497164198662e-06,0.03049424600429114,48.78429040816681,716682.8250421031,0.051283568534538776
-0.027000000000000003,1127853.7572210098,716324.2139257524,94.777,94.664837284632,10330033.383240726,10298166.494925328,75.8903599021177,25.12957988783633,25.09657515144228,951.2638139027251,5.1249599973852015e-06,0.030494245697288473,48.784600189142445,716684.4534422945,0.051283986078472954
-0.026750000000000003,1127853.7572210098,716325.0387698791,94.777,94.6648355435768,10329957.492880823,10298090.38483414,75.8908410506734,25.12942085059613,25.09641578628875,951.2621093835362,5.1249483527278816e-06,0.03049424539028433,48.78490997701675,716686.0818577034,0.051284403631541395
-0.026500000000000003,1127853.7572210098,716325.8636223476,94.777,94.6648338024728,10329881.602039773,10298014.274257282,75.8913222099477,25.129261811838244,25.096256419610224,951.2604048571897,5.124936708014661e-06,0.030494245083278696,48.785219771789926,716687.7102883294,0.05128482119374445
-0.026250000000000002,1127853.7572210098,716326.6884831574,94.777,94.66483206132003,10329805.710717563,10297938.163194753,75.89180337994108,25.12910277156263,25.09609705140667,951.2587003236865,5.12492506324554e-06,0.030494244776271585,48.785529573462235,716689.338734173,0.051285238765082404
-0.026000000000000002,1127853.7572210098,716327.5133523087,94.777,94.66483032011847,10329729.818914182,10297862.051646534,75.8922845606539,25.128943729769265,25.09593768167806,951.2569957830264,5.124913418420516e-06,0.030494244469263,48.78583938203393,716690.9671952346,0.051285656345555604
-0.025750000000000002,1127853.7572210098,716328.3382298017,94.777,94.66482857886812,10329653.926629622,10297785.939612623,75.89276575208653,25.128784686458108,25.095778310424347,951.2552912352103,5.124901773539591e-06,0.030494244162252927,48.78614919750525,716692.5956715142,0.05128607393516431
-0.025500000000000002,1127853.7572210098,716329.1631156373,94.777,94.664826837569,10329578.033863869,10297709.827092975,75.89324695423947,25.128625641629107,25.095618937645487,951.2535866802351,5.124890128602757e-06,0.030494243855241365,48.78645901987652,716694.2241630128,0.05128649153390907
-0.02525,1127853.7572210098,716329.9880098149,94.777,94.66482509622107,10329502.140616914,10297633.714087632,75.89372816711288,25.128466595282287,25.0954595633415,951.2518821181036,5.124878483610024e-06,0.030494243548228325,48.78676884914785,716695.8526697295,0.05128690914178993
-0.025,1127853.7572210098,716330.8129123349,94.777,94.66482335482436,10329426.246888747,10297557.60059655,75.89420939070739,25.128307547417563,25.095300187512304,951.2501775488147,5.124866838561383e-06,0.030494243241213803,48.78707868531961,716697.4811916653,0.05128732675880739
-0.02475,1127853.7572210098,716331.6378231972,94.777,94.66482161337885,10329350.352679357,10297481.48661972,75.89469062502326,25.128148498034907,25.09514081015787,951.2484729723681,5.124855193456835e-06,0.030494242934197793,48.78738852839203,716699.1097288206,0.051287744384961774
-0.0245,1127853.7572210098,716332.4627424022,94.777,94.66481987188452,10329274.457988732,10297405.37215713,75.89517187006089,25.12798944713433,25.094981431278196,951.2467683887635,5.124843548296377e-06,0.030494242627180312,48.7876983783653,716700.7382811956,0.05128816202025333
-0.02425,1127853.7572210098,716333.2876699504,94.777,94.66481813034142,10329198.562816862,10297329.257208785,75.89565312582067,25.127830394715755,25.094822050873233,951.2450637980016,5.124831903080014e-06,0.030494242320161343,48.788008235239715,716702.3668487902,0.051288579664682414
-0.024,1127853.7572210098,716334.1126058417,94.777,94.6648163887495,10329122.667163737,10297253.141774658,75.89613439230301,25.127671340779166,25.09466266894294,951.2433592000818,5.1248202578077405e-06,0.030494242013140885,48.78831809901554,716703.995431605,0.051288997318249395
-0.02375,1127853.7572210098,716334.9375500758,94.777,94.66481464710878,10329046.771029346,10297177.025854753,75.8966156695083,25.127512285324546,25.094503285487313,951.2416545950042,5.124808612479559e-06,0.030494241706118957,48.788627969692975,716705.6240296401,0.051289414980954524
-0.0235,1127853.7572210098,716335.7625026536,94.777,94.66481290541927,10328970.874413677,10297100.909449046,75.89709695743689,25.127353228351843,25.094343900506296,951.2399499827686,5.124796967095465e-06,0.030494241399095533,48.78893784727231,716707.2526428959,0.05128983265279818
-0.02325,1127853.7572210098,716336.587463575,94.777,94.66481116368092,10328894.977316719,10297024.792557526,75.89757825608923,25.127194169861035,25.094184513999856,951.2382453633745,5.1247853216554596e-06,0.030494241092070634,48.78924773175379,716708.8812713727,0.0512902503337807
-0.023,1127853.7572210098,716337.4124328401,94.777,94.66480942189378,10328819.079738462,10296948.67518018,75.89805956546569,25.127035109852077,25.09402512596796,951.2365407368219,5.12477367615954e-06,0.03049424078504425,48.78955762313768,716710.5099150708,0.05129066802390244
-0.022750000000000003,1127853.7572210098,716338.2374104492,94.777,94.66480768005783,10328743.181678897,10296872.557317026,75.89854088556658,25.126876048324956,25.0938657364106,951.2348361031119,5.124762030607708e-06,0.030494240478016386,48.78986752142418,716712.1385739903,0.051291085723163585
-0.022500000000000003,1127853.7572210098,716339.0623964025,94.777,94.66480593817307,10328667.28313801,10296796.438968003,75.89902221639244,25.126716985279614,25.093706345327703,951.2331314622426,5.124750384999959e-06,0.030494240170987032,48.79017742661362,716713.7672481321,0.05129150343156467
-0.022250000000000002,1127853.7572210098,716339.8873906996,94.777,94.66480419623947,10328591.384115795,10296720.32013315,75.89950355794345,25.126557920716067,25.09354695271929,951.2314268142153,5.124738739336299e-06,0.030494239863956194,48.790487338706136,716715.3959374953,0.0512919211491058
-0.022000000000000002,1127853.7572210098,716340.7123933416,94.777,94.66480245425709,10328515.484612236,10296644.200812416,75.89998491022024,25.12639885463424,25.09338755858529,951.2297221590283,5.124727093616718e-06,0.030494239556923885,48.79079725770208,716717.0246420816,0.05129233887578751
-0.021750000000000002,1127853.7572210098,716341.5374043278,94.777,94.66480071222587,10328439.584627325,10296568.08100583,75.90046627322302,25.126239787034116,25.09322816292569,951.2280174966844,5.124715447841227e-06,0.03049423924989009,48.79110718360164,716718.6533618894,0.0512927566116099
-0.021500000000000002,1127853.7572210098,716342.3624236591,94.777,94.66479897014581,10328363.684161052,10296491.960713342,75.9009476469522,25.126080717915674,25.093068765740448,951.22631282718,5.124703802009812e-06,0.030494238942854805,48.79141711640509,716720.282096921,0.051293174356573525
-0.02125,1127853.7572210098,716343.1874513351,94.777,94.66479722801695,10328287.783213405,10296415.83993496,75.9014290314083,25.125921647278854,25.092909367029524,951.2246081505172,5.12469215612248e-06,0.030494238635818037,48.79172705611272,716721.9108471756,0.05129359211067861
-0.021,1127853.7572210098,716344.0124873564,94.777,94.66479548583925,10328211.881784374,10296339.718670674,75.90191042659157,25.125762575123648,25.092749966792905,951.2229034666952,5.12468051017923e-06,0.030494238328779802,48.79203700272471,716723.5396126534,0.05129400987392546
-0.02075,1127853.7572210098,716344.8375317233,94.777,94.66479374361275,10328135.979873948,10296263.59692048,75.9023918325024,25.12560350145003,25.092590565030566,951.2211987757138,5.124668864180056e-06,0.03049423802174007,48.79234695624132,716725.1683933554,0.05129442764631442
-0.0205,1127853.7572210098,716345.6625844348,94.777,94.66479200133737,10328060.077482115,10296187.47468435,75.90287324914122,25.12544442625795,25.09243116174244,951.2194940775738,5.124657218124965e-06,0.03049423771469885,48.79265691666284,716726.7971892809,0.05129484542784581
-0.02025,1127853.7572210098,716346.4876454927,94.777,94.6647902590132,10327984.174608866,10296111.351962278,75.9033546765085,25.125285349547365,25.09227175692851,951.2177893722741,5.12464557201395e-06,0.030494237407656152,48.79296688398953,716728.4260004308,0.051295263218520015
-0.02,1127853.7572210098,716347.3127148964,94.777,94.66478851664017,10327908.27125419,10296035.228754254,75.90383611460449,25.125126271318276,25.092112350588756,951.2160846598143,5.124633925847009e-06,0.030494237100611978,48.79327685822159,716730.0548268058,0.05129568101833733
-0.019750000000000004,1127853.7572210098,716348.1377926457,94.777,94.66478677421833,10327832.367418075,10295959.105060274,75.90431756342969,25.124967191570626,25.091952942723136,951.214379940195,5.124622279624147e-06,0.030494236793566314,48.79358683935931,716731.6836684052,0.051296098827298076
-0.019500000000000003,1127853.7572210098,716348.9628787412,94.777,94.66478503174763,10327756.463100512,10295882.98088031,75.90479902298446,25.124808110304393,25.091793533331614,951.2126752134158,5.12461063334536e-06,0.030494236486519177,48.793896827402925,716733.31252523,0.05129651664540261
-0.019250000000000003,1127853.7572210098,716349.7879731832,94.777,94.6647832892281,10327680.558301488,10295806.85621438,75.90528049326909,25.124649027519546,25.09163412241417,951.2109704794779,5.124598987010647e-06,0.030494236179470544,48.79420682235267,716734.9413972799,0.051296934472651136
-0.019000000000000003,1127853.7572210098,716350.6130759718,94.777,94.66478154665973,10327604.653020995,10295730.731062453,75.90576197428405,25.124489943216066,25.091474709970782,951.209265738379,5.124587340620007e-06,0.03049423587242044,48.794516824208785,716736.5702845557,0.05129735230904411
-0.018750000000000003,1127853.7572210098,716351.4381871069,94.777,94.66477980404251,10327528.74725902,10295654.60542452,75.90624346602979,25.124330857393893,25.091315296001387,951.2075609901206,5.124575694173441e-06,0.030494235565368847,48.79482683297157,716738.1991870572,0.05129777015458182
-0.018500000000000003,1127853.7572210098,716352.263306589,94.777,94.66477806137644,10327452.841015555,10295578.47930057,75.90672496850657,25.124171770053024,25.09115588050598,951.2058562347017,5.124564047670945e-06,0.030494235258315766,48.79513684864124,716739.8281047854,0.0512981880092646
-0.018250000000000002,1127853.7572210098,716353.0884344176,94.777,94.66477631866151,10327376.934290586,10295502.352690583,75.90720648171491,25.124012681193395,25.090996463484498,951.2041514721226,5.124552401112519e-06,0.030494234951261207,48.79544687121808,716741.45703774,0.051298605873092804
-0.018000000000000002,1127853.7572210098,716353.9135705938,94.777,94.66477457589775,10327301.027084105,10295426.225594565,75.90768800565513,25.123853590814996,25.09083704493693,951.2024467023831,5.124540754498163e-06,0.030494234644205167,48.79575690070232,716743.0859859216,0.05129902374606673
-0.017750000000000002,1127853.7572210098,716354.7387151178,94.777,94.66477283308514,10327225.1193961,10295350.098012505,75.90816954032753,25.1236944989178,25.09067762486326,951.2007419254833,5.124529107827877e-06,0.03049423433714763,48.79606693709417,716744.71494933,0.05129944162818666
-0.0175,1127853.7572210098,716355.5638679883,94.777,94.66477109022365,10327149.21122656,10295273.969944386,75.90865108573267,25.12353540550178,25.09051820326344,951.1990371414223,5.124517461101661e-06,0.03049423403008863,48.79637698039392,716746.3439279656,0.051299859519453005
-0.01725,1127853.7572210098,716108.6074180948,94.777,94.46385732139055,10245637.992732115,10157764.28668902,312.72214786134595,24.95240476364419,24.861004482597355,947.7028564687666,5.102039770247859e-06,0.030481405511598576,81.25731751771703,791894.4681035524,0.08574134494063859
-0.017,1127853.7572210098,716111.9423557527,94.777,94.46383701660203,10245325.270584254,10157449.021334285,312.7304568337366,24.951747081041226,24.86034300082415,947.6957769385526,5.10199139121168e-06,0.030481404350705864,81.25947960512168,791901.977150155,0.0857442668654948
-0.01675,1127853.7572210098,716115.2774274197,94.777,94.46381670943052,10245012.540127419,10157133.747450814,312.73876658105524,24.95108937232343,24.859681492580854,947.6886972778843,5.101943011162676e-06,0.030481403189788737,81.26164189411243,791909.4864963742,0.08574718905852333
-0.0165,1127853.7572210098,716118.6126330956,94.777,94.46379639987407,10244699.801360838,10156818.46503744,312.74707710342375,24.950431637488506,24.859019957864778,947.6816174867429,5.101894630100709e-06,0.03048140202884717,81.26380438472104,791916.9961422441,0.08575011151976665
-0.01625,1127853.7572210098,716121.9479727925,94.777,94.46377608793227,10244387.054283734,10156503.174093332,312.7553884009607,24.949773876534174,24.858358396673566,947.6745375651176,5.101846248025703e-06,0.030481400867881186,81.26596707697824,791924.5060877899,0.08575303424926536
-0.016,1127853.7572210098,716125.2834465203,94.777,94.46375577360467,10244074.298895333,10156187.874617688,312.76370047378344,24.949116089458144,24.85769680900489,947.6674575130003,5.1017978649375874e-06,0.030481399706890754,81.26812997091466,791932.0163330357,0.08575595724705974
-0.01575,1127853.7572210098,716128.61905429,94.777,94.46373545689089,10243761.535194859,10155872.566609707,312.77201332200974,24.94845827625816,24.857035194856437,947.6603773303818,5.1017494808362914e-06,0.030481398545875903,81.27029306656084,791939.5268780049,0.08575888051319008
-0.0155,1127853.7572210098,716131.9547961119,94.777,94.46371513779046,10243448.763181537,10155557.25006857,312.78032694575745,24.947800436931917,24.856373554225836,947.6532970172536,5.101701095721737e-06,0.030481397384836597,81.27245636394757,791947.0377227229,0.08576180404769686
-0.01525,1127853.7572210098,716135.2906719969,94.777,94.46369481630299,10243135.982854592,10155241.924993495,312.7886413451446,24.947142571477155,24.85571188711079,947.6462165736073,5.10165270959386e-06,0.03048139622377286,81.27461986310541,791954.548867213,0.08576472785062031
-0.015,1127853.7572210098,716138.6266819558,94.777,94.46367449242804,10242823.194213247,10154926.591383621,312.7969565202892,24.94648467989155,24.85505019350891,947.6391359994321,5.10160432245258e-06,0.030481395062684682,81.27678356406517,791962.0603115,0.08576765192200111
-0.01475,1127853.7572210098,716141.9628259988,94.777,94.46365416616524,10242510.397256726,10154611.249238191,312.8052724713091,24.94582676217285,24.854388473417895,947.6320552947209,5.10155593429783e-06,0.03048139390157206,81.27894746685742,791969.5720556078,0.08577057626187945
-0.014499999999999999,1127853.7572210098,716145.2991041373,94.777,94.46363383751414,10242197.591984255,10154295.898556378,312.81358919832206,24.945168818318777,24.85372672683542,947.6249744594637,5.1015075451295375e-06,0.030481392740435,81.28111157151281,791977.0840995606,0.08577350087029575
-0.014249999999999999,1127853.7572210098,716148.6355163812,94.777,94.46361350647432,10241884.778395057,10153980.539337374,312.8219067014464,24.944510848327027,24.85306495375912,947.6178934936518,5.101459154947629e-06,0.030481391579273494,81.28327587806213,791984.596443383,0.08577642574729058
-0.014,1127853.7572210098,716151.9720627418,94.777,94.46359317304537,10241571.956488356,10153665.17158037,312.8302249808001,24.943852852195306,24.852403154186643,947.6108123972773,5.1014107637520324e-06,0.030481390418087534,81.2854403865361,791992.1090870989,0.08577935089290423
-0.01375,1127853.7572210098,716155.3087432295,94.777,94.46357283722683,10241259.126263374,10153349.795284549,312.8385440365006,24.943194829921374,24.8517413281157,947.6037311703296,5.1013623715426745e-06,0.030481389256877118,81.28760509696525,791999.6220307326,0.08578227630717716
-0.0135,1127853.7572210098,716158.6455578547,94.777,94.46355249901835,10240946.287719337,10153034.410449123,312.84686386866656,24.942536781502916,24.85107947554393,947.5966498128004,5.101313978319485e-06,0.03048138809564226,81.2897700093804,792007.1352743083,0.08578520199014988
-0.01325,1127853.7572210098,716161.9825066286,94.777,94.46353215841947,10240633.440855468,10152719.017073272,312.8551844774162,24.941878706937633,24.85041759646897,947.5895683246822,5.10126558408239e-06,0.030481386934382956,81.29193512381234,792014.6488178502,0.08578812794186276
-0.013,1127853.7572210098,716165.3195895613,94.777,94.46351181542975,10240320.58567099,10152403.615156174,312.863505862867,24.94122060622327,24.84975569088851,947.5824867059636,5.101217188831316e-06,0.03048138577309918,81.29410044029166,792022.1626613832,0.08579105416235637
-0.012750000000000001,1127853.7572210098,716168.6568066645,94.777,94.46349147004882,10240007.722165128,10152088.204697032,312.8718280251378,24.940562479357506,24.849093758800187,947.5754049566362,5.101168792566193e-06,0.03048138461179096,81.2962659588492,792029.6768049306,0.08579398065167125
-0.0125,1127853.7572210098,716171.9941579476,94.777,94.46347112227623,10239694.850337103,10151772.785695044,312.8801509643461,24.9399043263381,24.8484318002017,947.568323076692,5.101120395286949e-06,0.03048138345045828,81.29843167951557,792037.191248517,0.08579690740984768
-0.01225,1127853.7572210098,716175.3316434221,94.777,94.46345077211157,10239381.970186139,10151457.3581494,312.88847468061056,24.93924614716273,24.84776981509066,947.5612410661231,5.1010719969935085e-06,0.03048138228910114,81.30059760232163,792044.7059921669,0.08579983443692615
-0.012,1127853.7572210098,716178.6692630983,94.777,94.4634304195544,10239069.081711458,10151141.922059258,312.8967991740493,24.93858794182912,24.84710780346476,947.5541589249175,5.101023597685799e-06,0.03048138112771954,81.30276372729809,792052.221035905,0.08580276173294742
-0.01175,1127853.7572210098,716182.0070169872,94.777,94.46341006460433,10238756.184912285,10150826.477423856,312.90512444478014,24.93792971033499,24.846445765321658,947.5470766530692,5.100975197363754e-06,0.03048137996631347,81.30493005447563,792059.7363797541,0.08580568929795165
-0.0115,1127853.7572210098,716185.3449050998,94.777,94.46338970726094,10238443.27978784,10150511.024242353,312.91345049292215,24.937271452678026,24.845783700658984,947.5399942505676,5.100926796027294e-06,0.03048137880488294,81.30709658388517,792067.2520237401,0.08580861713197967
-0.01125,1127853.7572210098,716188.6829274457,94.777,94.46336934752378,10238130.366337348,10150195.562513957,312.9217773185928,24.936613168855988,24.845121609474436,947.5329117174043,5.1008783936763546e-06,0.030481377643427947,81.3092633155573,792074.7679678857,0.08581154523507177
-0.011,1127853.7572210098,716192.0210840368,94.777,94.46334898539246,10237817.444560029,10149880.09223783,312.930104921911,24.935954858866516,24.84445949176562,947.5258290535694,5.100829990310851e-06,0.03048137648194847,81.311430249523,792082.2842122171,0.08581447360726878
-0.01075,1127853.7572210098,716195.3593748824,94.777,94.46332862086653,10237504.514455106,10149564.61341319,312.9384333029947,24.935296522707397,24.843797347530256,947.518746259055,5.100781585930723e-06,0.03048137532044454,81.31359738581283,792089.8007567567,0.08581740224861092
-0.010499999999999999,1127853.7572210098,716198.6977999945,94.777,94.46330825394557,10237191.576021804,10149249.126039214,312.94676246196235,24.934638160376306,24.843135176765955,947.5116633338519,5.100733180535893e-06,0.030481374158916125,81.31576472445772,792097.3176015296,0.08582033115913892
-0.01025,1127853.7572210098,716202.036359383,94.777,94.46328788462921,10236878.629259342,10148933.630115116,312.9550923989322,24.93397977187097,24.842472979470415,947.504580277952,5.100684774126291e-06,0.030481372997363244,81.31793226548835,792104.8347465598,0.08582326033889315
-0.01,1127853.7572210098,716205.3750530592,94.777,94.46326751291697,10236565.674166944,10148618.125640038,312.96342311402327,24.933321357189055,24.84181075564124,947.4974970913447,5.100636366701838e-06,0.030481371835785896,81.32010000893568,792112.3521918727,0.08582618978791447
-0.00975,1127853.7572210098,716208.7138810334,94.777,94.46324713880847,10236252.71074383,10148302.61261322,312.9717546073532,24.932662916328333,24.841148505276138,947.4904137740223,5.10058795826247e-06,0.030481370674184056,81.32226795483037,792119.8699374909,0.0858291195062432
-0.0095,1127853.7572210098,716212.0528433161,94.777,94.46322676230324,10235939.738989223,10147987.091033798,312.9800868790411,24.932004449286456,24.840486228372708,947.483330325975,5.100539548808105e-06,0.030481369512557737,81.32443610320338,792127.3879834405,0.08583204949392015
-0.00925,1127853.7572210098,667004.1634946407,94.777,82.07175307142947,8309168.330322785,5886314.405184667,12825.207253376248,20.716794642004025,17.84242979693136,817.7993651076054,4.268759104496354e-06,0.015253597731981986,463.5552184621174,1104405.8019598161,0.566832450892308
-0.009000000000000001,1127853.7572210098,666746.3863225074,94.777,82.00107488978726,8296343.123069409,5865934.5422057,12853.797549319035,20.68768036349441,17.801915822121142,817.1119767304893,4.264163317398138e-06,0.015252888616071587,464.6101871874825,1105596.0973490975,0.5686003882191613
-0.00875,1127853.7572210098,666483.4759977702,94.777,81.92943383563544,8283489.32552009,5845432.115360908,12882.674744408421,20.658487610872456,17.761178511540813,816.4182666921939,4.259526054529397e-06,0.015252172964712377,465.6758242161257,1106799.738238818,0.5703887862564139
-0.0085,1127853.7572210098,666215.2986852315,94.777,81.85680583259952,8270606.650775681,5824804.498174246,12911.84493960999,20.6292156526546,17.720213520059296,815.718077468569,4.2548463021262434e-06,0.015251450617681234,466.7523578679673,1108017.06745991,0.5721981291826306
-0.00825,1127853.7572210098,665941.7153263786,94.777,81.78316587181561,8257694.805836071,5804048.9664498465,12941.314452674458,20.59986374228265,17.679016346107293,815.0112453362248,4.250123007014262e-06,0.015250721408512028,467.8400246081945,1109248.4416083964,0.5740289195828111
-0.008,1127853.7572210098,665662.5813553263,94.777,81.70848796133335,8244753.491383397,5783162.6930132685,12971.089829325736,20.57043111759649,17.63758232340075,814.2976000317349,4.2453550744592286e-06,0.015249985164154734,468.9390694686076,1110494.2318105362,0.5758816794379992
-0.00775,1127853.7572210098,665377.7464037812,94.777,81.63274507350644,8231782.401554071,5762142.74232026,13001.177855016134,20.540917000279585,17.595906612367994,813.5769643973266,4.240541365931422e-06,0.015249241704620555,470.0497464903534,1111754.8245255826,0.5777569511675544
-0.0075,1127853.7572210098,665087.0539670796,94.777,81.55590908556931,8218781.223699056,5740986.064212505,13031.585567885197,20.511320595276416,17.553984190418962,812.8491539799384,4.235680696580481e-06,0.015248490842581586,471.17231921205837,1113030.6224405894,0.5796552987784584
-0.00725,1127853.7572210098,664790.3410636478,94.777,81.4779507189316,8205749.6381311705,5719689.487685536,13062.320272247951,20.481641090178446,17.511809842063176,812.1139766218457,4.23077183265435e-06,0.015247732382961161,472.3070611779243,1114322.0453977452,0.5815773090651416
-0.007,1127853.7572210098,664487.4378588948,94.777,81.3988394722082,8192687.317858922,5698249.713924016,13093.389553277233,20.45187765457769,17.469378147983825,811.3712320084917,4.225813488651641e-06,0.015246966122482091,473.45425649086866,1115629.5314109642,0.5835235929167298
-0.00675,1127853.7572210098,664178.1672715854,94.777,81.31854355106543,8179593.9283056455,5676663.309094187,13124.80129252001,20.422029439385145,17.42668347363174,810.6207111947889,4.220804324337267e-06,0.015246191849192906,474.6142003971243,1116953.5377394697,0.5854947867018863
-0.006500000000000001,1127853.7572210098,663862.3445327797,94.777,81.23702978973328,8166469.127013125,5654926.696135077,13156.563684949191,20.392095576111434,17.383719956421338,809.8621960744237,4.215742941403648e-06,0.015245409341938371,475.78719992876546,1118294.5420777649,0.5874915537915073
-0.00625,1127853.7572210098,663539.7767278185,94.777,81.15426356939717,8153312.563328176,5633036.146363205,13188.685256920418,20.36207517610687,17.34048149247673,809.095458828099,4.210627879997295e-06,0.015244618369808081,476.9735745803777,1119653.0438062819,0.5895145861666686
-0.006,1127853.7572210098,663210.2622918815,94.777,81.07020872839024,8140123.878071255,5610987.770149148,13221.174885735187,20.331967329758044,17.296961722025607,808.3202613157539,4.205457614896002e-06,0.015243818691529827,478.173657046338,1121029.5653618535,0.5915646061722919
-0.00575,1127853.7572210098,662873.5904760886,94.777,80.98482746707829,8126902.70318552,5588777.507131214,13254.041820485512,20.30177110563758,17.253154013971972,807.536354432673,4.200230551458311e-06,0.015243010054826575,479.3877940064475,1122424.6536985256,0.5936423683900112
-0.0055,1127853.7572210098,662529.5407518075,94.777,80.89808024185959,8113648.661365035,5566401.115164421,13287.29570496487,20.2714855496036,17.209051448663107,806.743477391148,4.194945021109501e-06,0.015242192195700258,480.61634698953975,1123838.8819045029,0.5957486616982139
-0.00525,1127853.7572210098,662177.8821833596,94.777,80.80992565343772,8100361.36566007,5543854.158813542,13320.946602034184,20.241109683844407,17.16464679978832,805.9413569631653,4.189599276581141e-06,0.015241364837676004,481.8596932920001,1125272.850920891,0.597884311468611
-0.005,1127853.7572210098,661818.3727366807,94.777,80.7203203237635,8087040.419058036,5521131.996593533,13355.005020245595,20.210642505864367,17.119932514424274,805.1297066455994,4.18419148666723e-06,0.015240527690969792,483.1182269814954,1126727.1914292062,0.6000501819691936
-0.00475,1127853.7572210098,661450.7585404972,94.777,80.62921876445937,8073685.41403779,5498229.76742086,13389.481942430406,20.180082987406156,17.07490069174722,804.3082257672377,4.178719730614861e-06,0.015239680451597785,484.39235997484263,1128202.5658803575,0.6022471789503034
-0.0045000000000000005,1127853.7572210098,661074.7730621024,94.777,80.53657323017171,8060295.93209536,5475142.375357836,13424.388857206379,20.149430073304185,17.02954305926659,803.4765984926457,4.173181991872384e-06,0.015238822800384142,485.68252322606435,1129699.6707443688,0.6044762524972404
-0.00425,1127853.7572210098,660690.1362270885,94.777,80.44233356185234,8046871.543238154,5451864.473445876,13459.737792838843,20.118682680262673,16.98385094749242,802.6344927571805,4.167576151404829e-06,0.015237954401899565,486.98916800330693,1131219.2389298975,0.606738400103414
-0.004,1127853.7572210098,660296.5534589738,94.777,80.34644701578873,8033411.805445314,5428390.446070869,13495.541354114945,20.08783969555229,16.93781526231783,801.7815591044122,4.161899980399328e-06,0.015237074903302963,488.3127672795082,1132762.0424271268,0.6090346700227831
-0.00375,1127853.7572210098,659893.7146108793,94.777,80.24885807353958,8019916.264091199,5404714.389226976,13531.812763005106,20.056899975618688,16.891426454289665,800.9174293927581,4.156151132155402e-06,0.015236183933054056,489.6538172660403,1134328.8952366917,0.611366164970698
-0.0035,1127853.7572210098,659481.2928127889,94.777,80.14950823676025,8006384.451328194,5380830.089341221,13568.565902715354,20.025862344593396,16.84467448550452,800.041715398554,4.150327133326339e-06,0.015235281099522453,491.0128390743897,1135920.6565474046,0.613734046142561
-0.0032500000000000003,1127853.7572210098,659058.9432075194,94.777,80.04833580223104,7992815.885425478,5356731.000061622,13605.81536591036,19.994725592699325,16.797548793336322,799.1540072833767,4.144425374312574e-06,0.015234365989461932,492.3903805353219,1137538.2342254228,0.6161395376207158
-0.003,1127853.7572210098,658626.301539641,94.777,79.94527561085539,7979210.070059568,5332410.21621223,13643.576508130956,19.96348847454081,16.750038249940125,798.2538718828521,4.138443098542888e-06,0.015233438166308547,493.78701821418673,1139182.5886972998,0.6185839312617234
-0.00275,1127853.7572210098,658182.982630719,94.777,79.84025877628052,7965566.493551437,5307860.445845322,13681.865505835833,19.93214970726584,16.702131118572733,797.3408508554994,4.132377390878719e-06,0.015232497168338636,495.2033596008733,1140854.7371739617,0.6210685920200244
-0.0025,1127853.7572210098,657728.5786669077,94.777,79.73321238031141,7951884.628045601,5283073.978673656,13720.699421040264,19.900707968589394,16.653815004527598,796.4144586036676,4.126225164599261e-06,0.015231542506601992,496.6400455488981,1142555.7583773858,0.6235949638830565
-0.0022500000000000003,1127853.7572210098,657262.657321601,94.777,79.62405913890697,7938163.92862456,5258042.65157951,13760.09627229607,19.869161894662287,16.605076801410835,795.4741799922728,4.119983147123382e-06,0.015230573662653906,498.09775295401073,1144286.7977424227,0.6261645764025292
-0.002,1127853.7572210098,656784.7596749883,94.777,79.51271703205931,7924403.832352264,5232757.810407566,13800.07511322102,19.837510077770368,16.555902631650625,794.5194678192423,4.113647864182776e-06,0.015229590086040917,499.57719771796553,1146049.073189482,0.6287790519333406
-0.00175,1127853.7572210098,656294.3978784904,94.777,79.39909888843998,7910603.757239043,5207210.26694463,13840.6561201811,19.805751063845904,16.506277779726265,793.5497399750498,4.107215622058564e-06,0.015228591191479433,501.0791380580215,1147843.8815957883,0.6314401137271825
-0.0015,1127853.7572210098,655791.0525824195,94.777,79.28311192779796,7896763.101118862,5181390.251732587,13881.860689099341,19.773883349769886,16.456186618728445,792.5643763112735,4.100682488001425e-06,0.015227576355744774,502.60437816125096,1149672.6059549833,0.634149594889005
-0.00125,1127853.7572210098,655274.1700270603,94.777,79.16465724370565,7882881.240429763,5155287.360514166,13923.711544263757,19.74190538044289,16.405612527319683,791.5627150988221,4.094044268097296e-06,0.015226544914155071,504.1537722921463,1151536.7234574617,0.6369094484562801
-0.001,1127853.7572210098,654743.1588142456,94.777,79.04362922935758,7868957.528885499,5128890.494993888,13966.232859280073,19.70981554559644,16.3545377976878,790.5440490935583,4.087296482684711e-06,0.015225496156665144,505.7282293591234,1153437.8144934364,0.6397217586281168
-0.00075,1127853.7572210098,654197.3862441833,94.777,78.91991492627595,7854991.296026219,5102187.795437918,14009.450393604764,19.677612176315872,16.302943531131284,789.5076210710612,4.080434338468106e-06,0.015224429323436007,507.3287180696979,1155377.5728552656,0.642588753458068
-0.0005,1127853.7572210098,653636.1742164914,94.777,78.7933932954149,7840981.845632614,5075166.5654500965,14053.391645442518,19.64529354123748,16.250809521352526,788.4526188259243,4.073452697294689e-06,0.015223343599873177,508.95627270407715,1157357.8171916849,0.6455128190987025
-0.00025,1127853.7572210098,653058.7945570862,94.777,78.66393438641533,7826928.453987171,5047813.186028607,14098.086025275845,19.61285784238132,16.198114121451404,787.3781694689525,4.066346040563069e-06,0.015222238110971332,510.611999668416,1159380.5040561059,0.648496515991545
0.0,1127853.7572210098,652464.4637435001,94.777,78.53139839982401,7812830.367961895,5020113.018748209,14143.565051751058,19.580303210570634,16.144834093948823,786.2833329851784,4.059108429029624e-06,0.015221111914926571,512.2970848930254,1161447.7426762423,0.6515425971806557
